date,month,day_of_week,is_weekend,temperature,consumption_kwh,is_anomaly_actual,predicted_kwh,residual,is_anomaly_detected
2024-01-01,1,0,0,5.85,18.5,0,18.91462369187314,-0.41462369187313897,0
2024-01-02,1,1,0,1.83,21.31,0,21.064252596002618,0.24574740399738104,0
2024-01-03,1,2,0,8.56,32.98,1,17.909495446399447,15.07050455360055,1
2024-01-04,1,3,0,3.43,20.72,0,20.500356813890548,0.219643186109451,0
2024-01-05,1,4,0,3.18,18.95,0,20.344179017481032,-1.394179017481033,0
2024-01-06,1,5,1,0.3,23.21,0,23.308032269643455,-0.09803226964345413,0
2024-01-07,1,6,1,3.54,21.19,0,22.35300944721947,-1.1630094472194692,0
2024-01-08,1,0,0,8.27,17.06,0,17.802554055322123,-0.7425540553221239,0
2024-01-09,1,1,0,11.01,16.36,0,16.30250997641857,0.05749002358142974,0
2024-01-10,1,2,0,1.73,21.44,0,21.212184728602566,0.22781527139743574,0
2024-01-11,1,3,0,3.11,21.42,0,20.871110762741708,0.5488892372582939,0
2024-01-12,1,4,0,3.1,22.6,0,20.959348998852,1.6406510011480009,0
2024-01-13,1,5,1,3.27,22.29,0,23.106648709803267,-0.8166487098032675,0
2024-01-14,1,6,1,6.66,18.85,0,19.60276193362192,-0.7527619336219189,0
2024-01-15,1,0,0,11.55,17.1,0,16.007552120659533,1.0924478793404688,0
2024-01-16,1,1,0,6.45,18.57,0,18.660382354525897,-0.0903823545258966,0
2024-01-17,1,2,0,2.08,18.69,0,20.183535349216594,-1.493535349216593,0
2024-01-18,1,3,0,3.46,21.37,0,20.556228063890543,0.8137719361094575,0
2024-01-19,1,4,0,1.78,21.1,0,20.905955742054175,0.19404425794582636,0
2024-01-20,1,5,1,2.92,37.0,1,32.15400925634007,4.845990743659932,1
2024-01-21,1,6,1,7.19,21.36,0,20.56999689574316,0.7900031042568401,0
2024-01-22,1,0,0,4.09,18.84,0,19.09272340947299,-0.25272340947298844,0
2024-01-23,1,1,0,5.44,20.18,0,19.19563410247531,0.9843658975246896,0
2024-01-24,1,2,0,4.16,19.08,0,19.25104410277752,-0.1710441027775218,0
2024-01-25,1,3,0,6.64,20.01,0,18.804059481620587,1.205940518379414,0
2024-01-26,1,4,0,2.01,20.69,0,20.262364947198147,0.427635052801854,0
2024-01-27,1,5,1,5.51,23.07,0,22.15870780032469,0.9112921996753087,0
2024-01-28,1,6,1,13.04,15.73,0,16.464820981379734,-0.734820981379734,0
2024-01-29,1,0,0,4.83,18.86,0,19.00672195255233,-0.14672195255232978,0
2024-01-30,1,1,0,6.87,18.15,0,20.557578987598454,-2.4075789875984555,0
2024-01-31,1,2,0,8.3,16.66,0,18.23132516310076,-1.5713251631007594,0
2024-02-01,2,3,0,8.47,16.69,0,21.129904029279796,-4.439904029279795,1
2024-02-02,2,4,0,11.29,16.12,0,16.072248491617433,0.04775150838256792,0
2024-02-03,2,5,1,12.43,17.49,0,17.61558496031747,-0.12558496031747168,0
2024-02-04,2,6,1,7.24,19.69,0,20.215867411616166,-0.525867411616165,0
2024-02-05,2,0,0,12.18,14.82,0,14.713761627395519,0.10623837260448177,0
2024-02-06,2,1,0,9.01,16.64,0,17.756614120813772,-1.1166141208137716,0
2024-02-07,2,2,0,8.01,17.12,0,17.96708215606667,-0.8470821560666693,0
2024-02-08,2,3,0,8.6,17.7,0,17.79843632411731,-0.09843632411731207,0
2024-02-09,2,4,0,6.64,20.07,0,18.750921147843613,1.3190788521563874,0
2024-02-10,2,5,1,4.2,21.75,0,22.153886860108845,-0.40388686010884456,0
2024-02-11,2,6,1,9.26,18.45,0,18.607347965560066,-0.15734796556006714,0
2024-02-12,2,0,0,8.52,17.61,0,17.927616497996283,-0.31761649799628344,0
2024-02-13,2,1,0,9.85,16.47,0,16.421195825846905,0.04880417415309424,0
2024-02-14,2,2,0,11.86,16.36,0,15.082270841847258,1.2777291581527415,0
2024-02-15,2,3,0,7.0,19.85,0,19.463568487213234,0.3864315127867677,0
2024-02-16,2,4,0,10.47,18.99,0,17.861964801944303,1.128035198055695,0
2024-02-17,2,5,1,7.77,21.03,0,19.9163630272367,1.1136369727633024,0
2024-02-18,2,6,1,9.25,18.36,0,18.58529796556009,-0.22529796556009174,0
2024-02-19,2,0,0,9.02,16.46,0,17.244087931962632,-0.784087931962631,0
2024-02-20,2,1,0,6.34,19.03,0,19.088667107535557,-0.058667107535555374,0
2024-02-21,2,2,0,10.55,15.89,0,16.250818587529675,-0.3608185875296748,0
2024-02-22,2,3,0,7.04,17.61,0,18.63882786793154,-1.0288278679315397,0
2024-02-23,2,4,0,8.11,18.16,0,17.884801473628237,0.27519852637176356,0
2024-02-24,2,5,1,9.57,20.54,0,21.34893674242421,-0.808936742424212,0
2024-02-25,2,6,1,8.19,19.33,0,18.08368358981737,1.2463164101826294,0
2024-02-26,2,0,0,9.65,17.61,0,17.769037721159563,-0.15903772115956372,0
2024-02-27,2,1,0,12.25,14.04,0,14.48505670938892,-0.44505670938892017,0
2024-02-28,2,2,0,9.63,17.06,0,18.462660448724375,-1.402660448724376,0
2024-02-29,2,3,0,9.57,26.45,1,22.70035965094369,3.7496403490563104,1
2024-03-01,3,4,0,15.44,11.83,0,13.643209796392544,-1.8132097963925435,0
2024-03-02,3,5,1,12.02,18.34,0,17.77250398809526,0.5674960119047405,0
2024-03-03,3,6,1,13.12,15.41,0,16.214736850788107,-0.8047368507881068,0
2024-03-04,3,0,0,17.41,12.86,0,16.114841586286378,-3.2548415862863784,0
2024-03-05,3,1,0,12.83,15.03,0,14.374921894987272,0.655078105012727,0
2024-03-06,3,2,0,12.78,13.81,0,14.402165154191835,-0.592165154191834,0
2024-03-07,3,3,0,17.2,12.13,0,12.650998537371938,-0.5209985373719377,0
2024-03-08,3,4,0,15.03,15.52,0,14.038422600443955,1.4815773995560448,0
2024-03-09,3,5,1,11.48,17.74,0,17.88488672619044,-0.14488672619044252,0
2024-03-10,3,6,1,12.32,17.95,0,16.94326936507938,1.0067306349206184,0
2024-03-11,3,0,0,14.69,14.78,0,13.886422961826986,0.8935770381730137,0
2024-03-12,3,1,0,12.88,12.85,0,14.076612289956222,-1.226612289956222,0
2024-03-13,3,2,0,12.68,14.26,0,14.64977795876819,-0.38977795876819066,0
2024-03-14,3,3,0,15.43,13.91,0,13.626180243641981,0.28381975635801915,0
2024-03-15,3,4,0,15.58,12.28,0,13.41106646241715,-1.1310664624171505,0
2024-03-16,3,5,1,15.15,14.28,0,14.80833485622622,-0.5283348562262198,0
2024-03-17,3,6,1,17.18,16.04,0,14.683709750857833,1.356290249142166,0
2024-03-18,3,0,0,11.56,14.33,0,15.340279159444353,-1.0102791594443534,0
2024-03-19,3,1,0,15.76,13.57,0,13.258649971942145,0.3113500280578556,0
2024-03-20,3,2,0,16.29,17.95,0,13.86961535520113,4.080384644798869,1
2024-03-21,3,3,0,18.33,13.28,0,12.739033077023352,0.5409669229766472,0
2024-03-22,3,4,0,14.21,15.07,0,14.157074134280778,0.9129258657192221,0
2024-03-23,3,5,1,15.41,14.51,0,14.769158796977159,-0.25915879697715916,0
2024-03-24,3,6,1,20.79,11.77,0,13.121339042186094,-1.351339042186094,0
2024-03-25,3,0,0,13.96,14.32,0,14.072720777798743,0.2472792222012572,0
2024-03-26,3,1,0,13.82,15.71,0,14.221845237808234,1.4881547621917672,0
2024-03-27,3,2,0,18.9,12.17,0,12.796830382268457,-0.6268303822684569,0
2024-03-28,3,3,0,13.17,14.94,0,14.343884024911494,0.5961159750885052,0
2024-03-29,3,4,0,20.97,14.4,0,13.452755526079141,0.9472444739208594,0
2024-03-30,3,5,1,9.94,18.88,0,18.47608726190478,0.40391273809521877,0
2024-03-31,3,6,1,13.89,14.29,0,16.20496561522263,-1.9149656152226306,0
2024-04-01,4,0,0,22.26,13.13,0,12.575399334620954,0.5546006653790467,0
2024-04-02,4,1,0,20.16,11.59,0,12.670212639401633,-1.0802126394016334,0
2024-04-03,4,2,0,25.41,13.45,0,13.379600750448622,0.070399249551377,0
2024-04-04,4,3,0,21.94,14.15,0,13.225761528823687,0.924238471176313,0
2024-04-05,4,4,0,17.2,11.81,0,13.121101093475453,-1.3111010934754521,0
2024-04-06,4,5,1,20.41,16.63,0,14.806084150559041,1.823915849440958,0
2024-04-07,4,6,1,12.9,15.68,0,17.830813659951176,-2.150813659951176,0
2024-04-08,4,0,0,16.01,11.4,0,12.931059022214233,-1.531059022214233,0
2024-04-09,4,1,0,19.9,12.17,0,12.532230471526459,-0.36223047152645904,0
2024-04-10,4,2,0,21.15,15.05,0,13.037222841459306,2.012777158540695,0
2024-04-11,4,3,0,18.55,12.6,0,12.727267810870572,-0.12726781087057226,0
2024-04-12,4,4,0,20.49,12.08,0,13.672785302773956,-1.5927853027739562,0
2024-04-13,4,5,1,21.28,15.06,0,14.434880594679303,0.6251194053206977,0
2024-04-14,4,6,1,19.46,16.94,0,15.295837246017904,1.6441627539820978,0
2024-04-15,4,0,0,20.62,12.76,0,12.466563863558203,0.29343613644179634,0
2024-04-16,4,1,0,19.78,12.27,0,12.520291678423009,-0.25029167842300915,0
2024-04-17,4,2,0,19.53,13.1,0,12.747954778809076,0.35204522119092374,0
2024-04-18,4,3,0,23.38,13.89,0,12.817207935265492,1.072792064734509,0
2024-04-19,4,4,0,23.03,12.82,0,13.15097107818512,-0.3309710781851205,0
2024-04-20,4,5,1,22.38,13.28,0,14.302528938218266,-1.022528938218267,0
2024-04-21,4,6,1,20.95,14.35,0,13.81249249460154,0.5375075053984588,0
2024-04-22,4,0,0,19.33,13.51,0,12.459639640292655,1.0503603597073443,0
2024-04-23,4,1,0,20.46,13.43,0,12.786291040732202,0.6437089592677978,0
2024-04-24,4,2,0,19.98,12.34,0,12.775110234667704,-0.4351102346677038,0
2024-04-25,4,3,0,24.26,12.2,0,12.813921798635281,-0.6139217986352818,0
2024-04-26,4,4,0,20.4,27.45,1,18.221918524573113,9.228081475426887,1
2024-04-27,4,5,1,20.32,13.4,0,14.052262051931,-0.6522620519310003,0
2024-04-28,4,6,1,21.24,14.97,0,13.879065221861207,1.0909347781387932,0
2024-04-29,4,0,0,16.52,12.23,0,13.3139836650147,-1.0839836650146992,0
2024-04-30,4,1,0,23.9,13.03,0,12.589905605769292,0.44009439423070695,0
2024-05-01,5,2,0,23.64,11.99,0,12.203889482060976,-0.21388948206097602,0
2024-05-02,5,3,0,27.83,14.3,0,14.492648513232181,-0.19264851323218046,0
2024-05-03,5,4,0,26.93,15.67,0,15.514535445055484,0.1554645549445155,0
2024-05-04,5,5,1,26.0,14.84,0,15.084713841970638,-0.24471384197063806,0
2024-05-05,5,6,1,26.79,17.15,0,16.666144234099253,0.48385576590074564,0
2024-05-06,5,0,0,21.77,10.17,0,12.139037417591867,-1.969037417591867,0
2024-05-07,5,1,0,23.73,13.77,0,12.287210829709734,1.4827891702902658,0
2024-05-08,5,2,0,26.17,15.33,0,14.139288620144093,1.190711379855907,0
2024-05-09,5,3,0,24.64,12.41,0,12.26020020133945,0.14979979866055082,0
2024-05-10,5,4,0,26.2,12.35,0,13.20974375059271,-0.8597437505927097,0
2024-05-11,5,5,1,26.62,16.02,0,17.304643524322888,-1.2846435243228882,0
2024-05-12,5,6,1,27.12,15.7,0,16.420661033549756,-0.7206610335497565,0
2024-05-13,5,0,0,25.57,14.3,0,13.5695866692015,0.7304133307985001,0
2024-05-14,5,1,0,25.64,12.06,0,13.547344036360032,-1.4873440363600317,0
2024-05-15,5,2,0,31.08,17.13,0,16.432323385584994,0.6976766144150055,0
2024-05-16,5,3,0,30.78,15.41,0,16.008150006360044,-0.5981500063600436,0
2024-05-17,5,4,0,25.11,13.99,0,12.955048349599815,1.0349516504001848,0
2024-05-18,5,5,1,23.29,13.42,0,14.335775623889226,-0.9157756238892265,0
2024-05-19,5,6,1,27.97,14.43,0,15.61856589285711,-1.1885658928571097,0
2024-05-20,5,0,0,26.25,15.9,0,14.267061725884618,1.6329382741153822,0
2024-05-21,5,1,0,26.82,15.1,0,14.717034453686503,0.3829655463134962,0
2024-05-22,5,2,0,22.09,14.38,0,12.568715213357537,1.8112847866424637,0
2024-05-23,5,3,0,25.21,12.42,0,12.96808018431628,-0.5480801843162801,0
2024-05-24,5,4,0,21.11,13.76,0,12.639793989292423,1.1202060107075766,0
2024-05-25,5,5,1,26.08,15.92,0,14.89679956741066,1.0232004325893396,0
2024-05-26,5,6,1,21.41,13.42,0,13.980831805775875,-0.5608318057758748,0
2024-05-27,5,0,0,26.04,13.72,0,13.939755784091624,-0.21975578409162289,0
2024-05-28,5,1,0,25.41,12.97,0,13.27496574023414,-0.3049657402341399,0
2024-05-29,5,2,0,24.61,10.32,0,12.191401774090627,-1.8714017740906268,0
2024-05-30,5,3,0,25.69,13.77,0,13.895681749649038,-0.1256817496490381,0
2024-05-31,5,4,0,28.04,16.63,0,15.578137235391427,1.0518627646085719,0
2024-06-01,6,5,1,27.83,15.72,0,17.701537632783857,-1.9815376327838568,0
2024-06-02,6,6,1,27.29,18.35,0,17.355922674963903,0.9940773250360984,0
2024-06-03,6,0,0,32.15,19.58,0,18.980463333333283,0.5995366666667152,0
2024-06-04,6,1,0,24.45,25.23,1,12.07084313519137,13.159156864808631,1
2024-06-05,6,2,0,30.72,17.51,0,17.162756056143646,0.3472439438563555,0
2024-06-06,6,3,0,29.65,13.38,0,14.593201389320933,-1.2132013893209326,0
2024-06-07,6,4,0,29.22,15.21,0,15.293460699746316,-0.08346069974631476,0
2024-06-08,6,5,1,30.76,18.69,0,18.512700000000024,0.1772999999999776,0
2024-06-09,6,6,1,29.45,18.17,0,18.34211071428573,-0.17211071428572922,0
2024-06-10,6,0,0,22.74,11.93,0,11.69751081562959,0.23248918437040977,0
2024-06-11,6,1,0,26.98,14.46,0,15.069535559462166,-0.6095355594621648,0
2024-06-12,6,2,0,23.74,12.87,0,12.255780115245376,0.6142198847546236,0
2024-06-13,6,3,0,24.25,12.79,0,12.194812249806677,0.5951877501933218,0
2024-06-14,6,4,0,26.84,15.09,0,14.77995108838035,0.3100489116196492,0
2024-06-15,6,5,1,25.88,14.81,0,14.975162936968777,-0.16516293696877682,0
2024-06-16,6,6,1,25.67,14.26,0,14.889801651083442,-0.6298016510834419,0
2024-06-17,6,0,0,23.41,11.75,0,11.879066675880894,-0.12906667588089427,0
2024-06-18,6,1,0,31.91,17.19,0,17.786696428571435,-0.596696428571434,0
2024-06-19,6,2,0,28.29,16.35,0,15.327804468987866,1.0221955310121356,0
2024-06-20,6,3,0,26.72,13.48,0,13.760089134068528,-0.2800891340685272,0
2024-06-21,6,4,0,25.16,13.51,0,12.91293211911081,0.59706788088919,0
2024-06-22,6,5,1,26.31,12.71,0,14.166364074937148,-1.456364074937147,0
2024-06-23,6,6,1,25.43,12.28,0,15.109964647457982,-2.8299646474579827,0
2024-06-24,6,0,0,28.44,15.29,0,15.361416660325945,-0.07141666032594607,0
2024-06-25,6,1,0,24.57,12.47,0,12.17534424630248,0.29465575369752095,0
2024-06-26,6,2,0,22.98,12.26,0,12.114494802002381,0.1455051979976183,0
2024-06-27,6,3,0,26.53,13.58,0,13.227902237211643,0.35209776278835747,0
2024-06-28,6,4,0,25.38,11.49,0,12.788617556241318,-1.298617556241318,0
2024-06-29,6,5,1,27.55,17.69,0,20.647146975108267,-2.957146975108266,0
2024-06-30,6,6,1,26.98,18.06,0,17.275131087662317,0.7848689123376822,0
2024-07-01,7,0,0,31.33,18.08,0,17.940376620879093,0.1396233791209056,0
2024-07-02,7,1,0,22.8,11.75,0,12.026659505761796,-0.27665950576179554,0
2024-07-03,7,2,0,28.88,13.47,0,14.623397480576475,-1.1533974805764746,0
2024-07-04,7,3,0,21.9,12.73,0,12.652560028289841,0.07743997171015948,0
2024-07-05,7,4,0,24.25,11.35,0,12.262437270826638,-0.9124372708266382,0
2024-07-06,7,5,1,23.91,13.08,0,15.398130375000605,-2.318130375000605,0
2024-07-07,7,6,1,19.14,15.09,0,14.65902325796008,0.4309767420399204,0
2024-07-08,7,0,0,24.79,11.34,0,12.14723458325829,-0.8072345832582908,0
2024-07-09,7,1,0,25.99,13.65,0,13.887377439192438,-0.23737743919243748,0
2024-07-10,7,2,0,26.64,12.45,0,13.455471866850457,-1.005471866850458,0
2024-07-11,7,3,0,30.5,18.33,0,17.339658404628448,0.9903415953715502,0
2024-07-12,7,4,0,23.74,12.74,0,12.373258461205749,0.3667415387942512,0
2024-07-13,7,5,1,26.09,12.0,0,14.142025347672828,-2.1420253476728277,0
2024-07-14,7,6,1,26.04,14.35,0,14.792149566723877,-0.4421495667238773,0
2024-07-15,7,0,0,22.54,12.35,0,11.812776412432404,0.5372235875675955,0
2024-07-16,7,1,0,23.76,12.06,0,12.248789859961942,-0.18878985996194153,0
2024-07-17,7,2,0,23.89,12.99,0,12.237355153235862,0.752644846764138,0
2024-07-18,7,3,0,26.72,15.64,0,13.86538683788197,1.7746131621180314,0
2024-07-19,7,4,0,20.97,10.66,0,12.503783111794041,-1.8437831117940409,0
2024-07-20,7,5,1,26.32,14.92,0,14.606422693554936,0.31357730644506354,0
2024-07-21,7,6,1,26.61,17.95,0,17.33772507082784,0.612274929172159,0
2024-07-22,7,0,0,26.24,12.92,0,13.851924995261225,-0.931924995261225,0
2024-07-23,7,1,0,24.6,11.97,0,12.211044243397259,-0.24104424339725838,0
2024-07-24,7,2,0,26.12,16.07,0,14.245886861163196,1.824113138836804,0
2024-07-25,7,3,0,24.72,13.7,0,12.410966452958895,1.2890335470411038,0
2024-07-26,7,4,0,20.3,10.69,0,12.743114181561788,-2.0531141815617886,0
2024-07-27,7,5,1,28.02,15.72,0,17.29613584706957,-1.5761358470695708,0
2024-07-28,7,6,1,26.21,15.35,0,15.030193118713065,0.3198068812869348,0
2024-07-29,7,0,0,27.62,14.48,0,14.69274874516224,-0.21274874516223896,0
2024-07-30,7,1,0,21.7,13.49,0,12.411632872539835,1.0783671274601652,0
2024-07-31,7,2,0,26.67,15.35,0,14.067596635805348,1.2824033641946517,0
2024-08-01,8,3,0,21.45,12.32,0,12.224915292146203,0.09508470785379686,0
2024-08-02,8,4,0,18.27,10.94,0,11.578777822456354,-0.6387778224563547,0
2024-08-03,8,5,1,21.18,13.58,0,14.680228665841987,-1.1002286658419873,0
2024-08-04,8,6,1,20.13,15.28,0,13.965000629595524,1.3149993704044753,0
2024-08-05,8,0,0,20.33,10.73,0,12.057419922208208,-1.3274199222082075,0
2024-08-06,8,1,0,19.93,11.28,0,12.19622754348885,-0.9162275434888514,0
2024-08-07,8,2,0,23.17,13.76,0,12.039913153208609,1.720086846791391,0
2024-08-08,8,3,0,16.92,12.96,0,14.904439350703486,-1.944439350703485,0
2024-08-09,8,4,0,16.55,14.74,0,13.909957274720586,0.830042725279414,0
2024-08-10,8,5,1,21.45,17.64,0,15.050623437320505,2.5893765626794956,0
2024-08-11,8,6,1,21.27,15.14,0,13.976501138145073,1.1634988618549276,0
2024-08-12,8,0,0,21.54,12.57,0,12.073790652547048,0.4962093474529521,0
2024-08-13,8,1,0,25.71,14.86,0,13.80698039886725,1.0530196011327497,0
2024-08-14,8,2,0,21.46,12.13,0,12.244987071875794,-0.11498707187579349,0
2024-08-15,8,3,0,18.53,11.84,0,12.024361881032805,-0.18436188103280493,0
2024-08-16,8,4,0,27.35,14.86,0,15.138591085474841,-0.2785910854748419,0
2024-08-17,8,5,1,20.6,13.65,0,14.417103307387142,-0.767103307387142,0
2024-08-18,8,6,1,23.13,11.18,0,12.856872930231615,-1.6768729302316157,0
2024-08-19,8,0,0,17.78,10.44,0,12.386097304622197,-1.9460973046221977,0
2024-08-20,8,1,0,17.24,12.08,0,12.478990429248473,-0.3989904292484727,0
2024-08-21,8,2,0,20.39,11.65,0,12.409193557900979,-0.7591935579009785,0
2024-08-22,8,3,0,23.01,11.8,0,11.969506285411624,-0.16950628541162338,0
2024-08-23,8,4,0,25.62,27.16,1,13.116701915312904,14.043298084687097,1
2024-08-24,8,5,1,20.33,12.76,0,14.260238834066374,-1.5002388340663746,0
2024-08-25,8,6,1,21.0,14.41,0,13.86204717531542,0.5479528246845806,0
2024-08-26,8,0,0,21.03,11.97,0,12.051248615161917,-0.0812486151619165,0
2024-08-27,8,1,0,20.71,12.2,0,12.191009057760507,0.008990942239492483,0
2024-08-28,8,2,0,20.92,11.29,0,12.146521475836655,-0.8565214758366562,0
2024-08-29,8,3,0,24.47,8.85,0,11.533293532537796,-2.683293532537796,0
2024-08-30,8,4,0,24.12,9.38,0,11.723773689177742,-2.343773689177741,0
2024-08-31,8,5,1,21.72,13.87,0,14.72136946199515,-0.8513694619951515,0
2024-09-01,9,6,1,11.48,16.77,0,18.58372107142856,-1.81372107142856,0
2024-09-02,9,0,0,14.1,14.06,0,14.043548567941285,0.01645143205871591,0
2024-09-03,9,1,0,17.34,23.57,1,18.106794217664657,5.4632057823353435,1
2024-09-04,9,2,0,16.8,19.92,1,17.519623378318364,2.4003766216816373,0
2024-09-05,9,3,0,13.69,15.01,0,13.969879546438744,1.040120453561256,0
2024-09-06,9,4,0,14.12,13.83,0,13.931221148614261,-0.10122114861426112,0
2024-09-07,9,5,1,16.78,15.45,0,15.324222405201418,0.1257775947985813,0
2024-09-08,9,6,1,19.12,12.89,0,14.377331209417198,-1.4873312094171975,0
2024-09-09,9,0,0,16.48,21.03,1,16.577695083089267,4.452304916910734,1
2024-09-10,9,1,0,15.82,11.58,0,13.475209747827803,-1.8952097478278027,0
2024-09-11,9,2,0,11.9,14.3,0,14.859321344276605,-0.5593213442766043,0
2024-09-12,9,3,0,11.11,16.58,0,16.302922252112218,0.2770777478877804,0
2024-09-13,9,4,0,18.12,9.18,0,11.282391743933715,-2.1023917439337154,0
2024-09-14,9,5,1,15.53,15.43,0,15.258005022196494,0.17199497780350548,0
2024-09-15,9,6,1,17.43,14.47,0,15.107262237015995,-0.6372622370159942,0
2024-09-16,9,0,0,14.09,14.08,0,14.043548567941285,0.03645143205871548,0
2024-09-17,9,1,0,20.39,12.87,0,13.353197138148063,-0.4831971381480642,0
2024-09-18,9,2,0,15.43,13.18,0,13.679237669018605,-0.4992376690186049,0
2024-09-19,9,3,0,11.78,15.55,0,15.21527996932456,0.3347200306754399,0
2024-09-20,9,4,0,15.49,12.11,0,13.46828462537628,-1.35828462537628,0
2024-09-21,9,5,1,20.01,15.13,0,14.703539777406116,0.42646022259388516,0
2024-09-22,9,6,1,15.64,16.78,0,15.151240331712344,1.6287596682876568,0
2024-09-23,9,0,0,12.49,15.69,0,14.910647821783341,0.7793521782166586,0
2024-09-24,9,1,0,10.4,14.52,0,15.850233712543552,-1.3302337125435528,0
2024-09-25,9,2,0,14.13,14.39,0,14.004406985446362,0.38559301455363837,0
2024-09-26,9,3,0,13.47,12.66,0,13.804101227540471,-1.144101227540471,0
2024-09-27,9,4,0,18.35,10.85,0,11.42589666529858,-0.5758966652985809,0
2024-09-28,9,5,1,12.63,20.58,0,19.6232051190476,0.9567948809523976,0
2024-09-29,9,6,1,15.24,15.95,0,15.307257328801587,0.6427426711984126,0
2024-09-30,9,0,0,13.56,14.6,0,13.995901467732283,0.6040985322677166,0
2024-10-01,10,1,0,4.78,20.56,0,19.724255149771306,0.8357448502286928,0
2024-10-02,10,2,0,8.91,19.3,0,17.667145153923947,1.6328548460760537,0
2024-10-03,10,3,0,5.11,18.57,0,18.891363546101733,-0.32136354610173257,0
2024-10-04,10,4,0,10.58,17.34,0,16.880391311458027,0.459608688541973,0
2024-10-05,10,5,1,4.59,23.06,0,22.47020116964734,0.5897988303526596,0
2024-10-06,10,6,1,8.81,20.06,0,19.755858605683823,0.3041413943161757,0
2024-10-07,10,0,0,11.66,15.64,0,15.30189601203579,0.33810398796421026,0
2024-10-08,10,1,0,10.4,17.59,0,16.44442015280264,1.1455798471973608,0
2024-10-09,10,2,0,7.87,18.4,0,18.194403866967754,0.20559613303224467,0
2024-10-10,10,3,0,10.07,16.63,0,16.474469605386314,0.15553039461368456,0
2024-10-11,10,4,0,11.05,16.0,0,16.406158410455507,-0.4061584104555074,0
2024-10-12,10,5,1,6.3,22.01,0,20.984097996656143,1.0259020033438588,0
2024-10-13,10,6,1,11.82,17.49,0,18.37548182900434,-0.8854818290043411,0
2024-10-14,10,0,0,11.35,14.99,0,15.439524487900574,-0.44952448790057353,0
2024-10-15,10,1,0,5.49,19.53,0,19.22605043375121,0.30394956624878944,0
2024-10-16,10,2,0,9.56,16.02,0,18.103643159370236,-2.0836431593702365,0
2024-10-17,10,3,0,8.35,17.48,0,17.626495765363735,-0.14649576536373488,0
2024-10-18,10,4,0,12.62,15.22,0,14.838661091174773,0.3813389088252279,0
2024-10-19,10,5,1,11.17,18.32,0,18.684165162337678,-0.3641651623376774,0
2024-10-20,10,6,1,9.21,20.42,0,19.89477754417591,0.5252224558240925,0
2024-10-21,10,0,0,12.06,14.38,0,14.672285154069227,-0.2922851540692264,0
2024-10-22,10,1,0,14.75,13.32,0,13.930677041521413,-0.6106770415214129,0
2024-10-23,10,2,0,4.8,16.98,0,19.18037628085722,-2.2003762808572205,0
2024-10-24,10,3,0,7.95,17.16,0,17.59869972797276,-0.4386997279727609,0
2024-10-25,10,4,0,6.48,16.97,0,17.96005810164871,-0.9900581016487102,0
2024-10-26,10,5,1,8.91,19.5,0,19.34668917657127,0.15331082342872904,0
2024-10-27,10,6,1,6.32,21.51,0,20.917383651418035,0.5926163485819664,0
2024-10-28,10,0,0,11.46,15.32,0,14.852917932465289,0.4670820675347116,0
2024-10-29,10,1,0,14.77,12.91,0,13.930677041521413,-1.020677041521413,0
2024-10-30,10,2,0,9.42,17.36,0,16.929988826848284,0.43001117315171555,0
2024-10-31,10,3,0,5.08,19.2,0,18.985300606522394,0.21469939347760558,0
2024-11-01,11,4,0,3.05,19.5,0,20.269001674161323,-0.7690016741613235,0
2024-11-02,11,5,1,3.37,22.03,0,21.969061207011954,0.06093879298804694,0
2024-11-03,11,6,1,8.16,18.87,0,18.433487255041,0.43651274495899983,0
2024-11-04,11,0,0,5.47,18.4,0,18.997980131045082,-0.5979801310450839,0
2024-11-05,11,1,0,5.12,17.12,0,18.738183962007536,-1.6181839620075351,0
2024-11-06,11,2,0,2.51,20.74,0,20.65651190638817,0.08348809361182674,0
2024-11-07,11,3,0,3.08,19.7,0,20.381764866622454,-0.681764866622455,0
2024-11-08,11,4,0,5.97,20.03,0,19.164335456466368,0.865664543533633,0
2024-11-09,11,5,1,4.17,20.77,0,21.540670260042248,-0.7706702600422481,0
2024-11-10,11,6,1,6.82,19.11,0,19.91499546058109,-0.8049954605810896,0
2024-11-11,11,0,0,3.31,20.37,0,20.3390445459247,0.030955454075300537,0
2024-11-12,11,1,0,-4.09,23.02,0,22.782612628841274,0.2373873711587251,0
2024-11-13,11,2,0,3.38,21.4,0,20.573479200540067,0.8265207994599315,0
2024-11-14,11,3,0,0.51,22.22,0,21.864107336578517,0.35589266342148207,0
2024-11-15,11,4,0,6.08,19.99,0,19.132200613126475,0.8577993868735234,0
2024-11-16,11,5,1,5.62,21.94,0,21.888789732195924,0.05121026780407689,0
2024-11-17,11,6,1,7.27,21.62,0,20.593780043914386,1.0262199560856153,0
2024-11-18,11,0,0,2.98,20.88,0,20.836291633831436,0.04370836616856266,0
2024-11-19,11,1,0,4.19,19.79,0,19.377030163430987,0.41296983656901176,0
2024-11-20,11,2,0,2.88,20.96,0,22.060346198994424,-1.1003461989944228,0
2024-11-21,11,3,0,4.68,31.0,1,25.835892002052155,5.164107997947845,1
2024-11-22,11,4,0,5.09,19.16,0,19.05726460944576,0.10273539055424052,0
2024-11-23,11,5,1,6.49,18.77,0,19.61267950639638,-0.8426795063963795,0
2024-11-24,11,6,1,3.84,22.27,0,21.984996839810524,0.2850031601894756,0
2024-11-25,11,0,0,5.95,18.69,0,18.97096935608462,-0.2809693560846185,0
2024-11-26,11,1,0,6.13,18.77,0,19.047044551850462,-0.2770445518504623,0
2024-11-27,11,2,0,5.05,19.66,0,19.129808539437587,0.5301914605624134,0
2024-11-28,11,3,0,7.29,16.56,0,17.588542756609844,-1.0285427566098448,0
2024-11-29,11,4,0,0.08,23.11,0,22.32849675580331,0.7815032441966885,0
2024-11-30,11,5,1,3.21,22.82,0,21.899260030541374,0.9207399694586265,0
2024-12-01,12,6,1,2.67,19.98,0,22.051055510584185,-2.071055510584184,0
2024-12-02,12,0,0,1.61,23.46,0,21.57424798867112,1.8857520113288793,0
2024-12-03,12,1,0,-0.07,21.71,0,21.75863166362714,-0.048631663627137556,0
2024-12-04,12,2,0,0.45,22.58,0,21.819457630798198,0.7605423692018007,0
2024-12-05,12,3,0,5.8,20.41,0,19.201026397046554,1.2089736029534457,0
2024-12-06,12,4,0,4.63,19.23,0,21.157527315266684,-1.9275273152666834,0
2024-12-07,12,5,1,-0.07,26.3,0,24.785280139737765,1.514719860262236,0
2024-12-08,12,6,1,2.89,22.83,0,27.096284786855282,-4.266284786855284,1
2024-12-09,12,0,0,1.22,20.36,0,21.284280992639378,-0.9242809926393782,0
2024-12-10,12,1,0,-0.13,23.85,0,21.788319104103326,2.061680895896675,0
2024-12-11,12,2,0,4.26,19.52,0,19.534907331058527,-0.014907331058527262,0
2024-12-12,12,3,0,3.86,20.37,0,20.290006012413922,0.07999398758607867,0
2024-12-13,12,4,0,4.15,20.41,0,19.907723478111055,0.5022765218889447,0
2024-12-14,12,5,1,3.49,23.1,0,22.406421786016285,0.6935782139837166,0
2024-12-15,12,6,1,0.42,23.8,0,24.19050970238097,-0.39050970238097094,0
2024-12-16,12,0,0,1.31,23.52,0,21.38914146882985,2.1308585311701513,0
2024-12-17,12,1,0,1.15,21.25,0,21.65193775168642,-0.40193775168642176,0
2024-12-18,12,2,0,5.1,18.25,0,18.90534774889678,-0.65534774889678,0
2024-12-19,12,3,0,2.31,20.6,0,20.689059237456405,-0.08905923745640365,0
2024-12-20,12,4,0,1.87,17.72,0,19.433758065117246,-1.713758065117247,0
2024-12-21,12,5,1,5.56,19.62,0,21.969194310117995,-2.349194310117994,0
2024-12-22,12,6,1,0.58,23.72,0,24.184776239177506,-0.46477623917750677,0
2024-12-23,12,0,0,9.01,16.92,0,17.188195104234836,-0.2681951042348345,0
2024-12-24,12,1,0,2.45,20.59,0,20.789633229622485,-0.19963322962248498,0
2024-12-25,12,2,0,0.81,21.5,0,21.73330964234221,-0.23330964234220986,0
2024-12-26,12,3,0,0.5,21.26,0,21.752965533936734,-0.4929655339367329,0
2024-12-27,12,4,0,5.47,19.7,0,19.287888580995318,0.41211141900468107,0
2024-12-28,12,5,1,6.5,21.73,0,20.74036027028527,0.9896397297147317,0
2024-12-29,12,6,1,7.53,20.42,0,20.347088037240525,0.07291196275947698,0
2024-12-30,12,0,0,5.24,19.84,0,18.986468529975763,0.8535314700242367,0
2024-12-31,12,1,0,3.29,21.33,0,20.68466218012485,0.6453378198751487,0
2025-01-01,1,2,0,9.8,15.62,0,16.246628581449126,-0.6266285814491273,0
2025-01-02,1,3,0,3.68,20.14,0,19.791119401017454,0.34888059898254653,0
2025-01-03,1,4,0,2.98,19.63,0,21.173695768457534,-1.5436957684575354,0
2025-01-04,1,5,1,2.03,22.3,0,22.59855453888597,-0.29855453888596983,0
2025-01-05,1,6,1,4.55,24.38,0,23.479786924603214,0.9002130753967847,0
2025-01-06,1,0,0,2.27,21.63,0,21.321408372468483,0.30859162753151637,0
2025-01-07,1,1,0,4.7,19.47,0,20.750254867271437,-1.280254867271438,0
2025-01-08,1,2,0,3.35,20.33,0,20.393641895161615,-0.06364189516161645,0
2025-01-09,1,3,0,3.96,17.55,0,19.21530547081684,-1.6653054708168398,0
2025-01-10,1,4,0,6.94,19.22,0,19.407307194644705,-0.18730719464470624,0
2025-01-11,1,5,1,1.54,21.35,0,22.105618496416664,-0.7556184964166626,0
2025-01-12,1,6,1,0.7,26.32,0,25.01767170995671,1.3023282900432918,0
2025-01-13,1,0,0,7.3,17.83,0,18.031321146734687,-0.20132114673468848,0
2025-01-14,1,1,0,0.53,20.87,0,21.355880835288477,-0.4858808352884765,0
2025-01-15,1,2,0,8.3,19.13,0,18.23132516310076,0.8986748368992394,0
2025-01-16,1,3,0,5.61,17.92,0,18.762009356043258,-0.8420093560432562,0
2025-01-17,1,4,0,3.23,19.25,0,20.307914017481036,-1.0579140174810355,0
2025-01-18,1,5,1,5.42,20.74,0,21.46517190746751,-0.7251719074675123,0
2025-01-19,1,6,1,5.97,20.34,0,20.750659556277075,-0.41065955627707496,0
2025-01-20,1,0,0,-0.98,22.74,0,22.31509495547164,0.42490504452835864,0
2025-01-21,1,1,0,3.7,18.41,0,19.585140709899477,-1.1751407098994768,0
2025-01-22,1,2,0,6.63,16.64,0,18.688607666319147,-2.048607666319146,0
2025-01-23,1,3,0,3.44,20.46,0,20.49515681389055,-0.03515681389054848,0
2025-01-24,1,4,0,0.72,21.15,0,21.31327905865323,-0.1632790586532309,0
2025-01-25,1,5,1,4.8,19.79,0,21.66259612463924,-1.8725961246392409,0
2025-01-26,1,6,1,3.96,23.53,0,22.900802800394082,0.6291971996059189,0
2025-01-27,1,0,0,8.36,18.41,0,18.011296156094154,0.3987038439058459,0
2025-01-28,1,1,0,6.73,19.79,0,19.11261245354248,0.6773875464575205,0
2025-01-29,1,2,0,5.56,19.4,0,19.16606580925878,0.2339341907412198,0
2025-01-30,1,3,0,3.85,20.28,0,19.563000276729873,0.7169997232701277,0
2025-01-31,1,4,0,4.43,19.42,0,19.32160399673921,0.09839600326079179,0
2025-02-01,2,5,1,8.67,17.98,0,18.366516608930596,-0.38651660893059514,0
2025-02-02,2,6,1,9.2,16.44,0,18.959257426932048,-2.5192574269320467,0
2025-02-03,2,0,0,9.35,17.35,0,16.962369689562863,0.3876303104371388,0
2025-02-04,2,1,0,11.5,11.81,0,13.866288732733047,-2.056288732733046,0
2025-02-05,2,2,0,6.82,28.83,1,24.716536787297155,4.113463212702843,1
2025-02-06,2,3,0,6.65,19.08,0,18.918084816349445,0.16191518365055302,0
2025-02-07,2,4,0,7.44,20.3,0,19.097419728048557,1.2025802719514438,0
2025-02-08,2,5,1,10.37,17.21,0,18.327570595238093,-1.1175705952380923,0
2025-02-09,2,6,1,9.38,19.42,0,18.51903401192598,0.9009659880740202,0
2025-02-10,2,0,0,11.41,16.03,0,15.541377505683466,0.4886224943165356,0
2025-02-11,2,1,0,11.76,16.97,0,15.751362828415225,1.2186371715847741,0
2025-02-12,2,2,0,6.28,20.57,0,19.399998007536862,1.1700019924631384,0
2025-02-13,2,3,0,9.76,15.55,0,17.52858402732679,-1.9785840273267894,0
2025-02-14,2,4,0,11.51,15.24,0,14.825878548558151,0.414121451441849,0
2025-02-15,2,5,1,13.03,17.52,0,17.598618005189245,-0.07861800518924511,0
2025-02-16,2,6,1,4.79,20.25,0,21.35780928035608,-1.1078092803560793,0
2025-02-17,2,0,0,10.49,17.04,0,16.633249226043198,0.4067507739568015,0
2025-02-18,2,1,0,12.22,14.84,0,14.571739149865103,0.2682608501348973,0
2025-02-19,2,2,0,8.57,17.21,0,17.741854125551995,-0.5318541255519946,0
2025-02-20,2,3,0,5.8,16.57,0,18.806898337040202,-2.236898337040202,0
2025-02-21,2,4,0,6.52,15.51,0,18.403453395230947,-2.8934533952309476,0
2025-02-22,2,5,1,5.77,20.15,0,20.712290245310257,-0.5622902453102583,0
2025-02-23,2,6,1,13.11,18.2,0,17.209128441697178,0.9908715583028211,0
2025-02-24,2,0,0,3.38,19.15,0,20.483337042105223,-1.3333370421052244,0
2025-02-25,2,1,0,2.75,33.75,1,28.106999224697006,5.643000775302994,1
2025-02-26,2,2,0,5.53,16.72,0,19.329347089159427,-2.609347089159428,0
2025-02-27,2,3,0,14.82,14.69,0,14.0021077557293,0.6878922442706994,0
2025-02-28,2,4,0,10.49,17.24,0,17.6481838441521,-0.4081838441521022,0
2025-03-01,3,5,1,14.37,16.71,0,16.08306518572836,0.6269348142716424,0
2025-03-02,3,6,1,13.12,16.52,0,16.214736850788107,0.3052631492118927,0
2025-03-03,3,0,0,12.82,13.57,0,14.325172135607765,-0.755172135607765,0
2025-03-04,3,1,0,15.45,15.21,0,13.61885195673424,1.5911480432657612,0
2025-03-05,3,2,0,18.79,13.01,0,12.789573715601788,0.22042628439821144,0
2025-03-06,3,3,0,12.54,14.71,0,14.684460781639766,0.025539218360234983,0
2025-03-07,3,4,0,12.58,15.7,0,14.802638023302677,0.8973619766973222,0
2025-03-08,3,5,1,13.5,17.09,0,16.217865602395026,0.8721343976049738,0
2025-03-09,3,6,1,18.49,14.1,0,14.330871546803207,-0.23087154680320765,0
2025-03-10,3,0,0,15.31,12.92,0,13.418894819707328,-0.49889481970732774,0
2025-03-11,3,1,0,18.02,12.5,0,12.55713076128881,-0.05713076128881056,0
2025-03-12,3,2,0,13.25,13.75,0,14.266071962975605,-0.5160719629756052,0
2025-03-13,3,3,0,17.87,11.68,0,12.78666123692806,-1.1066612369280602,0
2025-03-14,3,4,0,11.89,14.46,0,15.018922942458632,-0.5589229424586311,0
2025-03-15,3,5,1,17.01,14.02,0,14.649734229411708,-0.6297342294117083,0
2025-03-16,3,6,1,13.32,17.14,0,16.652268277555763,0.4877317224442379,0
2025-03-17,3,0,0,20.56,10.39,0,12.356118452114696,-1.9661184521146957,0
2025-03-18,3,1,0,16.58,13.32,0,13.560008356962328,-0.2400083569623277,0
2025-03-19,3,2,0,18.06,14.11,0,12.834804842355553,1.275195157644447,0
2025-03-20,3,3,0,13.61,12.64,0,14.030686017272673,-1.3906860172726727,0
2025-03-21,3,4,0,15.79,13.22,0,13.422884676702866,-0.20288467670286536,0
2025-03-22,3,5,1,12.99,19.09,0,18.19823615995118,0.8917638400488208,0
2025-03-23,3,6,1,17.44,15.94,0,14.875014682272205,1.0649853177277944,0
2025-03-24,3,0,0,16.42,14.98,0,13.683409743928571,1.296590256071429,0
2025-03-25,3,1,0,12.25,14.24,0,14.440486928687164,-0.20048692868716422,0
2025-03-26,3,2,0,15.09,12.6,0,13.770839304300898,-1.1708393043008982,0
2025-03-27,3,3,0,13.45,15.42,0,14.187779969741962,1.2322200302580377,0
2025-03-28,3,4,0,15.83,14.28,0,13.488797747174063,0.7912022528259364,0
2025-03-29,3,5,1,12.07,15.86,0,17.02896716269843,-1.1689671626984293,0
2025-03-30,3,6,1,19.18,14.74,0,14.428339522993683,0.31166047700631694,0
2025-03-31,3,0,0,15.24,12.63,0,13.471058383019015,-0.8410583830190141,0
2025-04-01,4,1,0,22.35,10.8,0,12.489759757710576,-1.6897597577105756,0
2025-04-02,4,2,0,18.71,12.11,0,12.731447545563537,-0.6214475455635373,0
2025-04-03,4,3,0,19.16,13.61,0,12.742852338233757,0.8671476617662428,0
2025-04-04,4,4,0,19.67,10.17,0,13.703872422340824,-3.533872422340824,1
2025-04-05,4,5,1,24.03,14.41,0,15.462934907854349,-1.0529349078543486,0
2025-04-06,4,6,1,19.13,14.49,0,14.605083949308208,-0.11508394930820742,0
2025-04-07,4,0,0,21.33,11.8,0,12.51381386957591,-0.71381386957591,0
2025-04-08,4,1,0,18.32,10.84,0,12.381747444547347,-1.5417474445473474,0
2025-04-09,4,2,0,16.41,13.54,0,13.849404471822927,-0.3094044718229281,0
2025-04-10,4,3,0,26.39,12.08,0,13.01877601667226,-0.9387760166722607,0
2025-04-11,4,4,0,20.98,13.09,0,13.481878099673915,-0.3918780996739155,0
2025-04-12,4,5,1,20.04,14.8,0,14.25654318408875,0.5434568159112505,0
2025-04-13,4,6,1,21.2,14.07,0,13.871381888527873,0.19861811147212727,0
2025-04-14,4,0,0,22.42,12.78,0,12.335442802229773,0.4445571977702265,0
2025-04-15,4,1,0,20.56,11.02,0,12.648379960356918,-1.6283799603569182,0
2025-04-16,4,2,0,18.41,13.71,0,12.735747545563537,0.9742524544364635,0
2025-04-17,4,3,0,23.71,12.62,0,12.841207034803233,-0.22120703480323378,0
2025-04-18,4,4,0,27.16,13.67,0,14.586966701714429,-0.9169667017144292,0
2025-04-19,4,5,1,21.03,12.49,0,14.151161737427506,-1.6611617374275056,0
2025-04-20,4,6,1,20.07,12.91,0,14.00059887028801,-1.0905988702880105,0
2025-04-21,4,0,0,21.14,12.69,0,12.508123122822667,0.18187687717733247,0
2025-04-22,4,1,0,16.49,11.99,0,13.772108686071194,-1.7821086860711937,0
2025-04-23,4,2,0,18.65,11.81,0,12.731447545563537,-0.9214475455635363,0
2025-04-24,4,3,0,22.35,10.33,0,12.760874782327678,-2.4308747823276775,0
2025-04-25,4,4,0,20.47,13.94,0,13.913030105848845,0.02696989415115425,0
2025-04-26,4,5,1,19.59,13.67,0,14.71249432720368,-1.0424943272036806,0
2025-04-27,4,6,1,19.47,13.81,0,14.609806011571443,-0.7998060115714427,0
2025-04-28,4,0,0,21.04,11.05,0,12.497214789489336,-1.447214789489335,0
2025-04-29,4,1,0,22.09,13.55,0,12.897989779567835,0.6520102204321656,0
2025-04-30,4,2,0,22.25,14.98,0,13.099178136849002,1.8808218631509988,0
2025-05-01,5,3,0,21.98,11.71,0,12.5860532066653,-0.8760532066652988,0
2025-05-02,5,4,0,28.41,14.46,0,15.537383332003143,-1.0773833320031425,0
2025-05-03,5,5,1,23.95,20.65,1,17.69474687546823,2.955253124531769,0
2025-05-04,5,6,1,24.03,14.73,0,15.107571261758542,-0.3775712617585416,0
2025-05-05,5,0,0,22.91,11.96,0,11.845841486847428,0.11415851315257264,0
2025-05-06,5,1,0,28.38,14.64,0,15.359583861458145,-0.719583861458144,0
2025-05-07,5,2,0,22.41,11.95,0,12.133828288804752,-0.18382828880475266,0
2025-05-08,5,3,0,24.96,14.85,0,12.650777048752957,2.1992229512470427,0
2025-05-09,5,4,0,23.21,9.04,0,12.134570299865176,-3.094570299865177,0
2025-05-10,5,5,1,23.72,15.55,0,15.276419263614175,0.27358073638582603,0
2025-05-11,5,6,1,21.39,13.67,0,13.958248978394922,-0.2882489783949218,0
2025-05-12,5,0,0,30.79,15.62,0,16.297705326236244,-0.6777053262362447,0
2025-05-13,5,1,0,26.08,14.39,0,13.920468541448951,0.4695314585510495,0
2025-05-14,5,2,0,25.47,11.98,0,13.328420603146526,-1.3484206031465256,0
2025-05-15,5,3,0,25.61,15.29,0,13.80244257410323,1.4875574258967692,0
2025-05-16,5,4,0,24.48,12.55,0,12.306474172368262,0.24352582763173913,0
2025-05-17,5,5,1,23.39,15.89,0,14.880398552578107,1.0096014474218933,0
2025-05-18,5,6,1,28.39,16.2,0,16.14668565476187,0.05331434523812817,0
2025-05-19,5,0,0,24.26,11.6,0,12.04700102484892,-0.44700102484891957,0
2025-05-20,5,1,0,28.36,15.77,0,15.4177475194668,0.352252480533199,0
2025-05-21,5,2,0,26.91,15.6,0,15.352268499526327,0.2477315004736731,0
2025-05-22,5,3,0,24.59,12.05,0,12.23229203846066,-0.182292038460659,0
2025-05-23,5,4,0,27.0,15.54,0,15.4166054872868,0.12339451271319923,0
2025-05-24,5,5,1,23.78,15.41,0,15.273619263614172,0.13638073638582782,0
2025-05-25,5,6,1,29.03,19.81,0,18.66047499999997,1.149525000000029,0
2025-05-26,5,0,0,26.74,15.17,0,14.252600030041567,0.9173999699584332,0
2025-05-27,5,1,0,26.78,13.54,0,14.618799363812611,-1.078799363812612,0
2025-05-28,5,2,0,22.78,9.44,0,11.98912293689631,-2.5491229368963104,0
2025-05-29,5,3,0,26.84,14.04,0,14.533697487540127,-0.4936974875401283,0
2025-05-30,5,4,0,24.84,12.19,0,12.485073508460777,-0.29507350846077784,0
2025-05-31,5,5,1,22.04,15.39,0,14.61815889116595,0.7718411088340513,0
2025-06-01,6,6,1,26.58,16.25,0,16.994342614117894,-0.7443426141178939,0
2025-06-02,6,0,0,30.03,15.74,0,16.131437392995693,-0.3914373929956927,0
2025-06-03,6,1,0,28.66,16.55,0,15.611043442385268,0.9389565576147323,0
2025-06-04,6,2,0,27.82,14.52,0,14.634308011960416,-0.11430801196041607,0
2025-06-05,6,3,0,28.0,13.75,0,14.42593600046717,-0.6759360004671695,0
2025-06-06,6,4,0,27.08,12.06,0,15.350668115214427,-3.2906681152144266,0
2025-06-07,6,5,1,27.77,18.86,0,18.936277848124114,-0.0762778481241142,0
2025-06-08,6,6,1,22.25,14.3,0,13.915867213689724,0.3841327863102766,0
2025-06-09,6,0,0,28.88,15.67,0,15.273610847287914,0.39638915271208575,0
2025-06-10,6,1,0,25.44,13.56,0,13.367305219987273,0.19269478001272766,0
2025-06-11,6,2,0,26.48,12.5,0,13.1805123259138,-0.6805123259137993,0
2025-06-12,6,3,0,27.65,12.55,0,14.526911013416047,-1.9769110134160464,0
2025-06-13,6,4,0,24.01,12.58,0,12.408530467860151,0.17146953213984872,0
2025-06-14,6,5,1,27.69,31.82,1,26.599248681457414,5.220751318542586,1
2025-06-15,6,6,1,23.38,12.76,0,13.637736389854794,-0.8777363898547943,0
2025-06-16,6,0,0,28.81,14.64,0,15.238112930621249,-0.598112930621248,0
2025-06-17,6,1,0,24.96,9.9,0,12.495776855353306,-2.5957768553533054,0
2025-06-18,6,2,0,27.56,15.53,0,14.939699778980387,0.5903002210196124,0
2025-06-19,6,3,0,31.2,28.04,1,17.38491398082313,10.65508601917687,1
2025-06-20,6,4,0,29.92,15.1,0,15.47460137228633,-0.37460137228632995,0
2025-06-21,6,5,1,25.62,18.58,0,16.06462421047162,2.5153757895283775,0
2025-06-22,6,6,1,27.32,15.46,0,16.56106839174714,-1.1010683917471376,0
2025-06-23,6,0,0,32.15,18.87,0,18.980463333333283,-0.11046333333328207,0
2025-06-24,6,1,0,25.44,14.01,0,13.367305219987273,0.642694780012727,0
2025-06-25,6,2,0,24.95,12.62,0,12.417426904316956,0.20257309568304294,0
2025-06-26,6,3,0,29.79,14.92,0,14.768860555987594,0.1511394440124061,0
2025-06-27,6,4,0,27.22,16.01,0,15.32949974414106,0.6805002558589415,0
2025-06-28,6,5,1,25.92,14.3,0,14.965512936968778,-0.6655129369687778,0
2025-06-29,6,6,1,26.79,15.86,0,16.755468561087604,-0.8954685610876041,0
2025-06-30,6,0,0,27.47,15.01,0,14.953422961353573,0.05657703864642727,0
2025-07-01,7,1,0,28.44,15.65,0,15.183171067447569,0.4668289325524313,0
2025-07-02,7,2,0,28.26,14.37,0,14.751180691222482,-0.38118069122248244,0
2025-07-03,7,3,0,30.1,17.97,0,16.916101647224217,1.0538983527757821,0
2025-07-04,7,4,0,21.87,18.64,1,13.136148982575248,5.503851017424752,1
2025-07-05,7,5,1,24.07,15.25,0,15.505496083658834,-0.2554960836588336,0
2025-07-06,7,6,1,26.2,15.44,0,15.031259785379735,0.40874021462026455,0
2025-07-07,7,0,0,27.97,14.33,0,14.59638955811132,-0.26638955811131915,0
2025-07-08,7,1,0,26.68,13.05,0,13.892964056587312,-0.8429640565873111,0
2025-07-09,7,2,0,22.61,11.93,0,12.068198588655237,-0.1381985886552375,0
2025-07-10,7,3,0,25.32,15.16,0,13.457441366757214,1.702558633242786,0
2025-07-11,7,4,0,27.64,15.38,0,15.112323363454216,0.2676766365457848,0
2025-07-12,7,5,1,22.9,14.59,0,14.26503575378439,0.32496424621560926,0
2025-07-13,7,6,1,26.28,15.84,0,15.154180312075257,0.6858196879247433,0
2025-07-14,7,0,0,25.14,12.48,0,12.66141120211123,-0.18141120211122974,0
2025-07-15,7,1,0,26.28,13.19,0,13.455559598617256,-0.26555959861725675,0
2025-07-16,7,2,0,27.68,13.35,0,14.44258057193324,-1.0925805719332402,0
2025-07-17,7,3,0,24.08,12.03,0,12.167774355514087,-0.1377743555140878,0
2025-07-18,7,4,0,19.33,13.15,0,12.11621584430628,1.03378415569372,0
2025-07-19,7,5,1,26.01,15.62,0,14.966961571342875,0.6530384286571245,0
2025-07-20,7,6,1,21.49,13.51,0,14.068071760050405,-0.5580717600504048,0
2025-07-21,7,0,0,22.62,12.74,0,11.77808585687685,0.9619141431231508,0
2025-07-22,7,1,0,26.56,13.62,0,13.268322768063545,0.3516772319364545,0
2025-07-23,7,2,0,23.37,11.59,0,12.10930354247825,-0.5193035424782497,0
2025-07-24,7,3,0,23.56,10.95,0,12.135685981363256,-1.1856859813632568,0
2025-07-25,7,4,0,27.94,18.02,0,14.987823808021677,3.0321761919783228,0
2025-07-26,7,5,1,26.46,16.7,0,16.55906528463371,0.14093471536628854,0
2025-07-27,7,6,1,26.34,18.08,0,16.721899841417216,1.3581001585827828,0
2025-07-28,7,0,0,22.71,8.2,0,11.555044894704208,-3.355044894704209,0
2025-07-29,7,1,0,24.27,14.79,0,12.341576488782984,2.4484235112170154,0
2025-07-30,7,2,0,26.94,16.59,0,15.436404182512614,1.1535958174873855,0
2025-07-31,7,3,0,28.89,15.25,0,14.659408390576088,0.5905916094239121,0
2025-08-01,8,4,0,19.39,10.96,0,11.643910546047486,-0.6839105460474855,0
2025-08-02,8,5,1,23.9,13.2,0,15.454725263633417,-2.254725263633418,0
2025-08-03,8,6,1,21.81,13.87,0,13.920909235383483,-0.05090923538348413,0
2025-08-04,8,0,0,20.1,12.66,0,12.03677142198267,0.623228578017331,0
2025-08-05,8,1,0,23.21,11.9,0,12.05514876955275,-0.15514876955274914,0
2025-08-06,8,2,0,18.57,11.99,0,12.06121475793099,-0.0712147579309903,0
2025-08-07,8,3,0,19.93,13.49,0,12.206270007390122,1.283729992609878,0
2025-08-08,8,4,0,16.42,13.13,0,13.862596133275552,-0.7325961332755515,0
2025-08-09,8,5,1,25.68,16.7,0,15.753902701745954,0.9460972982540454,0
2025-08-10,8,6,1,22.91,13.95,0,13.223256212775837,0.7267437872241622,0
2025-08-11,8,0,0,22.21,10.9,0,12.152295010296086,-1.252295010296086,0
2025-08-12,8,1,0,23.08,11.44,0,12.05514876955275,-0.61514876955275,0
2025-08-13,8,2,0,20.16,11.48,0,12.083455283506577,-0.6034552835065767,0
2025-08-14,8,3,0,21.74,12.99,0,12.275546906954501,0.7144530930454991,0
2025-08-15,8,4,0,26.16,12.01,0,13.054098060814733,-1.0440980608147328,0
2025-08-16,8,5,1,21.48,14.51,0,14.914984680198,-0.40498468019799994,0
2025-08-17,8,6,1,20.8,14.79,0,13.66618130286271,1.1238186971372883,0
2025-08-18,8,0,0,23.87,13.86,0,11.971591858638298,1.888408141361701,0
2025-08-19,8,1,0,20.53,13.28,0,12.182238713630955,1.0977612863690442,0
2025-08-20,8,2,0,21.08,11.65,0,12.187661570668064,-0.5376615706680639,0
2025-08-21,8,3,0,22.45,12.42,0,12.00584031388387,0.41415968611613074,0
2025-08-22,8,4,0,18.99,12.78,0,11.673942158346952,1.1060578416530475,0
2025-08-23,8,5,1,21.42,15.91,0,14.88532136161843,1.0246786383815696,0
2025-08-24,8,6,1,20.24,11.66,0,13.39901974695677,-1.7390197469567692,0
2025-08-25,8,0,0,15.7,12.48,0,12.994317306174002,-0.5143173061740018,0
2025-08-26,8,1,0,19.75,13.29,0,12.191098543488849,1.0989014565111503,0
2025-08-27,8,2,0,23.1,12.71,0,12.039913153208609,0.6700868467913921,0
2025-08-28,8,3,0,19.59,11.47,0,12.046090809004909,-0.5760908090049082,0
2025-08-29,8,4,0,25.04,12.26,0,12.258127852600175,0.001872147399824442,0
2025-08-30,8,5,1,17.2,16.25,0,15.206742928256176,1.0432570717438239,0
2025-08-31,8,6,1,22.01,14.17,0,13.920909235383483,0.24909076461651658,0
2025-09-01,9,0,0,15.93,12.11,0,13.269137771650641,-1.1591377716506415,0
2025-09-02,9,1,0,13.84,14.55,0,14.080072152950779,0.4699278470492221,0
2025-09-03,9,2,0,13.99,14.88,0,14.030648414017792,0.849351585982209,0
2025-09-04,9,3,0,17.18,10.7,0,12.81995042542568,-2.1199504254256816,0
2025-09-05,9,4,0,10.16,16.48,0,16.73288006808538,-0.25288006808537844,0
2025-09-06,9,5,1,16.28,15.38,0,15.241868514259984,0.13813148574001666,0
2025-09-07,9,6,1,16.81,15.72,0,15.313990268405412,0.40600973159458853,0
2025-09-08,9,0,0,16.02,12.77,0,13.267534505884878,-0.4975345058848788,0
2025-09-09,9,1,0,12.58,15.17,0,14.789252652230672,0.3807473477693275,0
2025-09-10,9,2,0,17.77,11.97,0,12.830717346285661,-0.8607173462856608,0
2025-09-11,9,3,0,15.63,13.22,0,13.443367420260673,-0.22336742026067213,0
2025-09-12,9,4,0,13.66,14.27,0,13.950749674047156,0.31925032595284364,0
2025-09-13,9,5,1,14.45,16.7,0,16.435793820682978,0.2642061793170214,0
2025-09-14,9,6,1,16.28,14.81,0,15.137301442823457,-0.3273014428234564,0
2025-09-15,9,0,0,17.22,11.74,0,14.042448746364926,-2.3024487463649255,0
2025-09-16,9,1,0,15.92,15.53,0,13.612475019520978,1.9175249804790209,0
2025-09-17,9,2,0,10.29,15.86,0,16.06899534051719,-0.20899534051719115,0
2025-09-18,9,3,0,12.37,13.71,0,14.42095578187881,-0.710955781878809,0
2025-09-19,9,4,0,16.07,14.23,0,13.541664347456095,0.6883356525439055,0
2025-09-20,9,5,1,14.74,15.77,0,15.860131181789564,-0.09013118178956425,0
2025-09-21,9,6,1,15.21,15.13,0,15.267192031182544,-0.13719203118254342,0
2025-09-22,9,0,0,15.18,15.06,0,13.816581611693154,1.2434183883068464,0
2025-09-23,9,1,0,15.87,14.68,0,13.628930084456044,1.0510699155439553,0
2025-09-24,9,2,0,17.44,12.96,0,17.340500800051515,-4.380500800051514,1
2025-09-25,9,3,0,16.63,16.25,0,15.34830166315051,0.9016983368494902,0
2025-09-26,9,4,0,13.36,12.17,0,13.814084717727445,-1.644084717727445,0
2025-09-27,9,5,1,17.21,14.93,0,15.094577893452474,-0.1645778934524742,0
2025-09-28,9,6,1,19.03,15.91,0,14.377331209417198,1.532668790582802,0
2025-09-29,9,0,0,12.46,16.06,0,15.003501988450001,1.0564980115499978,0
2025-09-30,9,1,0,14.38,12.89,0,13.962669057514677,-1.072669057514677,0
2025-10-01,10,2,0,10.06,16.55,0,16.349484823705566,0.20051517629443438,0
2025-10-02,10,3,0,9.11,19.09,0,17.95624361092967,1.1337563890703315,0
2025-10-03,10,4,0,8.74,16.86,0,17.37374733298264,-0.5137473329826392,0
2025-10-04,10,5,1,7.47,19.94,0,20.016232462745595,-0.07623246274559392,0
2025-10-05,10,6,1,8.45,16.76,0,18.08574722146351,-1.3257472214635087,0
2025-10-06,10,0,0,5.24,20.01,0,19.20366176973047,0.8063382302695317,0
2025-10-07,10,1,0,8.49,26.77,1,22.720015272962303,4.049984727037696,1
2025-10-08,10,2,0,11.71,14.71,0,15.086501551357593,-0.3765015513575918,0
2025-10-09,10,3,0,4.31,19.68,0,19.462956778782196,0.2170432212178035,0
2025-10-10,10,4,0,7.05,17.77,0,18.21109843598766,-0.4410984359876622,0
2025-10-11,10,5,1,8.2,18.55,0,18.202888865791387,0.34711113420861395,0
2025-10-12,10,6,1,8.95,20.57,0,20.03354476639813,0.5364552336018704,0
2025-10-13,10,0,0,7.23,15.96,0,17.59564279986793,-1.6356427998679308,0
2025-10-14,10,1,0,11.08,15.57,0,16.222419962561606,-0.6524199625616056,0
2025-10-15,10,2,0,5.05,20.29,0,19.212999770030827,1.0770002299691726,0
2025-10-16,10,3,0,9.36,15.95,0,16.719243099589413,-0.7692430995894135,0
2025-10-17,10,4,0,8.33,16.16,0,17.267766099612814,-1.1077660996128138,0
2025-10-18,10,5,1,6.78,19.97,0,19.968585547161155,0.0014144528388442268,0
2025-10-19,10,6,1,8.67,19.43,0,19.16389485027257,0.26610514972743005,0
2025-10-20,10,0,0,10.28,16.03,0,16.265726441776835,-0.23572644177683344,0
2025-10-21,10,1,0,6.27,20.28,0,19.225112895006063,1.054887104993938,0
2025-10-22,10,2,0,9.52,17.65,0,17.721849252825088,-0.07184925282508914,0
2025-10-23,10,3,0,7.47,18.26,0,18.28484290224854,-0.024842902248536802,0
2025-10-24,10,4,0,9.15,15.9,0,16.802963416639532,-0.9029634166395315,0
2025-10-25,10,5,1,8.92,18.93,0,19.32758917657127,-0.3975891765712696,0
2025-10-26,10,6,1,15.7,14.84,0,15.12690491504568,-0.28690491504567994,0
2025-10-27,10,0,0,9.4,15.39,0,16.277702817741893,-0.8877028177418929,0
2025-10-28,10,1,0,11.14,17.45,0,16.658615702214085,0.791384297785914,0
2025-10-29,10,2,0,7.38,20.15,0,19.19110844473909,0.9588915552609087,0
2025-10-30,10,3,0,6.64,16.82,0,18.106612383384675,-1.286612383384675,0
2025-10-31,10,4,0,12.48,14.71,0,14.710271984031918,-0.00027198403191697196,0
2025-11-01,11,5,1,0.06,23.17,0,23.554189721791005,-0.3841897217910031,0
2025-11-02,11,6,1,7.87,17.61,0,18.476543597032368,-0.8665435970323685,0
2025-11-03,11,0,0,2.14,22.65,0,21.532011162411727,1.1179888375882712,0
2025-11-04,11,1,0,1.84,20.61,0,20.820405230683924,-0.21040523068392503,0
2025-11-05,11,2,0,2.2,32.65,1,20.931169033262695,11.718830966737304,1
2025-11-06,11,3,0,1.08,22.89,0,21.938056618308487,0.9519433816915139,0
2025-11-07,11,4,0,0.4,20.63,0,21.43773368019837,-0.8077336801983712,0
2025-11-08,11,5,1,0.54,25.46,0,22.953323725271165,2.506676274728836,0
2025-11-09,11,6,1,4.54,21.97,0,21.934075538334206,0.03592446166579322,0
2025-11-10,11,0,0,4.49,29.48,1,17.816786628175063,11.663213371824938,1
2025-11-11,11,1,0,4.35,20.04,0,19.411586224938922,0.6284137750610768,0
2025-11-12,11,2,0,4.39,19.01,0,19.354852871795597,-0.3448528717955952,0
2025-11-13,11,3,0,0.1,21.38,0,22.118131843908913,-0.7381318439089135,0
2025-11-14,11,4,0,6.35,17.97,0,18.549639689631853,-0.5796396896318541,0
2025-11-15,11,5,1,0.76,21.75,0,22.41797329273147,-0.667973292731471,0
2025-11-16,11,6,1,1.62,23.39,0,22.918249949494953,0.47175005050504737,0
2025-11-17,11,0,0,8.54,17.53,0,17.841282001243048,-0.31128200124304684,0
2025-11-18,11,1,0,0.11,21.14,0,21.794868161907434,-0.6548681619074337,0
2025-11-19,11,2,0,1.45,19.98,0,21.75850508747176,-1.7785050874717605,0
2025-11-20,11,3,0,-0.34,23.06,0,22.680347912450685,0.3796520875493137,0
2025-11-21,11,4,0,4.18,18.16,0,19.295658395746386,-1.1356583957463862,0
2025-11-22,11,5,1,-1.72,24.67,0,24.61486463468726,0.05513536531273999,0
2025-11-23,11,6,1,5.34,22.33,0,21.926130733139388,0.4038692668606103,0
2025-11-24,11,0,0,1.53,21.7,0,21.614194616210252,0.08580538378974722,0
2025-11-25,11,1,0,4.53,18.67,0,18.75298375997845,-0.08298375997844687,0
2025-11-26,11,2,0,5.24,19.62,0,19.196367559148708,0.4236324408512928,0
2025-11-27,11,3,0,3.7,20.23,0,20.059892048578273,0.17010795142172697,0
2025-11-28,11,4,0,6.16,18.03,0,19.022016285393022,-0.9920162853930208,0
2025-11-29,11,5,1,4.3,20.21,0,21.221863881004623,-1.011863881004622,0
2025-11-30,11,6,1,7.42,19.95,0,20.12471105581916,-0.17471105581915936,0
2025-12-01,12,0,0,-0.62,21.15,0,21.608537552554647,-0.4585375525546489,0
2025-12-02,12,1,0,1.51,22.86,0,21.82391900605061,1.0360809939493905,0
2025-12-03,12,2,0,9.79,16.16,0,16.415350923047384,-0.25535092304738427,0
2025-12-04,12,3,0,2.86,20.7,0,22.044051746677727,-1.344051746677728,0
2025-12-05,12,4,0,4.04,21.62,0,20.39974327927483,1.220256720725171,0
2025-12-06,12,5,1,2.51,22.52,0,22.429299193234883,0.09070080676511694,0
2025-12-07,12,6,1,5.91,20.58,0,21.009074294455516,-0.4290742944555177,0
2025-12-08,12,0,0,4.48,15.61,0,17.531691028564115,-1.9216910285641156,0
2025-12-09,12,1,0,7.89,17.25,0,18.33944378048491,-1.0894437804849098,0
2025-12-10,12,2,0,1.07,21.84,0,21.74588503916761,0.09411496083238902,0
2025-12-11,12,3,0,5.86,17.98,0,19.242776018258674,-1.2627760182586734,0
2025-12-12,12,4,0,5.38,19.61,0,19.287446080995316,0.3225539190046831,0
2025-12-13,12,5,1,4.29,22.67,0,21.903595509792503,0.7664044902074991,0
2025-12-14,12,6,1,5.0,22.33,0,21.998311835231736,0.3316881647682628,0
2025-12-15,12,0,0,4.46,20.03,0,18.836002348392686,1.1939976516073152,0
2025-12-16,12,1,0,2.93,19.14,0,21.24220425952702,-2.1022042595270207,0
2025-12-17,12,2,0,-1.1,20.38,0,22.052911479411993,-1.6729114794119937,0
2025-12-18,12,3,0,1.02,20.94,0,21.76949927264247,-0.8294992726424688,0
2025-12-19,12,4,0,3.08,21.0,0,20.55061020474022,0.44938979525977985,0
2025-12-20,12,5,1,3.0,21.39,0,23.1298466124317,-1.7398466124316982,0
2025-12-21,12,6,1,2.55,22.8,0,22.21074539958408,0.58925460041592,0
2025-12-22,12,0,0,-1.02,21.47,0,21.693316636429604,-0.22331663642960464,0
2025-12-23,12,1,0,5.18,18.23,0,18.727978822619853,-0.49797882261985293,0
2025-12-24,12,2,0,5.07,18.86,0,18.958852944238075,-0.09885294423807522,0
2025-12-25,12,3,0,-0.85,22.2,0,22.247203937548743,-0.04720393754874408,0
2025-12-26,12,4,0,3.15,20.53,0,20.500230655667202,0.029769344332798653,0
2025-12-27,12,5,1,0.86,24.06,0,22.491688808604486,1.5683111913955123,0
2025-12-28,12,6,1,-4.55,26.84,0,26.274773333333385,0.5652266666666144,0
2025-12-29,12,0,0,1.38,21.39,0,21.465515913274295,-0.07551591327429463,0
2025-12-30,12,1,0,5.02,17.87,0,18.774633583182766,-0.9046335831827648,0
